<?xml version="1.0" encoding="UTF-8"?>
<project-private xmlns="http://www.netbeans.org/ns/project-private/1">
    <editor-bookmarks xmlns="http://www.netbeans.org/ns/editor-bookmarks/2" lastBookmarkId="0"/>
    <open-files xmlns="http://www.netbeans.org/ns/projectui-open-files/2">
        <group>
            <file>file:/D:/Gamcas98/Proyectos/AerolineaCarrillo/src/SQL/RegistroPuntoControl.java</file>
            <file>file:/D:/Gamcas98/Proyectos/AerolineaCarrillo/src/SQL/ManejoPaquetes.java</file>
            <file>file:/D:/Gamcas98/Proyectos/AerolineaCarrillo/src/SQL/RegistroPaquete.java</file>
            <file>file:/D:/Gamcas98/Proyectos/AerolineaCarrillo/src/UI/Recepcionista/Paquetes/EnviarPaquetes.java</file>
            <file>file:/D:/Gamcas98/Proyectos/AerolineaCarrillo/src/SQL/ManejoReportes.java</file>
            <file>file:/D:/Gamcas98/Proyectos/AerolineaCarrillo/src/SQL/Conexion.java</file>
            <file>file:/D:/Gamcas98/Proyectos/AerolineaCarrillo/src/SQL/RegistroRuta.java</file>
            <file>file:/D:/Gamcas98/Proyectos/AerolineaCarrillo/src/UI/Operador/PrincipalOperado1.java</file>
            <file>file:/D:/Gamcas98/Proyectos/AerolineaCarrillo/src/Models/Paquete.java</file>
        </group>
    </open-files>
</project-private>
